{
	"@event_date_creation": "2019-10-27T05:45:39.851Z",
	"@file_date_creation": "2019-10-27T05:45:39.851Z",
	"@timestamp": "2019-10-27T05:45:39.858Z",
	"@version": "1",
	"action": "filecreate",
	"event_id": 11,
	"file_name": "c:\\\\users\\\\pgustavo\\\\appdata\\\\local\\\\temp\\\\lsass.dmp",
	"host_name": "it001.shire.com",
	"level": "information",
	"log_ingest_timestamp": "2019-10-27T05:45:39.858Z",
	"log_name": "Microsoft-Windows-Sysmon/Operational",
	"meta_user_reporter_name_is_machine": "false",
	"opcode": "Info",
	"process_guid": "a158f72c-2ef4-5db5-0000-00100fb48f00",
	"process_id": "2408",
	"process_name": "taskmgr.exe",
	"process_path": "c:\\\\windows\\\\system32\\\\taskmgr.exe",
	"provider_guid": "5770385f-c22a-43e0-bf4c-06f5698ffbd9",
	"record_number": 258042,
	"source_name": "Microsoft-Windows-Sysmon",
	"task": "File created (rule: FileCreate)",
	"thread_id": 3760,
	"type": "wineventlog",
	"user_reporter_domain": "NT AUTHORITY",
	"user_reporter_name": "SYSTEM",
	"user_reporter_sid": "S-1-5-18",
	"user_reporter_type": "User",
	"version": 2
}