{"analytics": [{"shortName": "Shadow Copy Deletion", "name": "CAR-2020-04-001", "fields": ["process/create/image_path", "process/create/command_line"], "attack": [{"tactics": ["Impact"], "technique": "Technique/T1490", "coverage": "Medium"}]}, {"shortName": "MiniDump of LSASS", "name": "CAR-2020-05-001", "fields": [], "attack": [{"tactics": ["Credential Access"], "technique": "Technique/T1003", "coverage": "Low"}]}, {"shortName": "Suspicious Arguments", "name": "CAR-2013-07-001", "fields": ["process/create/command_line", "process/create/exe"], "attack": [{"tactics": ["Credential Access"], "technique": "Technique/T1003", "coverage": "Low"}, {"tactics": ["Lateral Movement"], "technique": "Technique/T1021", "coverage": "Moderate"}, {"tactics": ["Command and Control", "Lateral Movement"], "technique": "Technique/T1105", "coverage": "Moderate"}]}, {"shortName": "Unusual Child Process spawned using DDE exploit", "name": "CAR-2021-01-006", "fields": ["process/create/command_line"], "attack": [{"tactics": ["Execution"], "technique": "Technique/T1559", "coverage": "Low"}]}, {"shortName": "Certutil exe certificate extraction", "name": "CAR-2021-05-008", "fields": ["process/create/exe", "process/create/command_line"], "attack": [{"tactics": ["Credential Access"], "technique": "Technique/T1606", "coverage": "Moderate"}]}, {"shortName": "SMB Session Setups", "name": "CAR-2013-09-003", "fields": ["flow/message/dest_port", "flow/message/proto_info", "flow/message/protocol"], "attack": [{"tactics": ["Credential Access"], "technique": "Technique/T1187", "coverage": "Low"}]}, {"shortName": "Remotely Scheduled Tasks via Schtasks", "name": "CAR-2015-04-002", "fields": ["flow/message/dest_port", "flow/message/src_port", "flow/message/proto_info"], "attack": [{"tactics": ["Execution"], "technique": "Technique/T1053", "coverage": "Moderate"}]}, {"shortName": "Clear Powershell Console Command History", "name": "CAR-2020-11-005", "fields": ["process/create/exe", "process/create/command_line"], "attack": [{"tactics": ["Defense Evasion"], "technique": "Technique/T1070", "coverage": "Low"}]}, {"shortName": "Squiblydoo", "name": "CAR-2019-04-003", "fields": ["process/create/exe", "process/create/command_line"], "attack": [{"tactics": ["Defense Evasion"], "technique": "Technique/T1218", "coverage": "Moderate"}]}, {"shortName": "Execution with AT", "name": "CAR-2013-05-004", "fields": ["process/create/command_line", "process/create/exe"], "attack": [{"tactics": ["Execution", "Persistence", "Privilege Escalation"], "technique": "Technique/T1053", "coverage": "Moderate"}]}, {"shortName": "Create Remote Process via WMIC", "name": "CAR-2016-03-002", "fields": ["process/create/exe", "process/create/command_line"], "attack": [{"tactics": ["Execution"], "technique": "Technique/T1047", "coverage": "Low"}]}, {"shortName": "BITS Job Persistence", "name": "CAR-2021-05-004", "fields": ["process/create/exe", "process/create/command_line"], "attack": [{"tactics": ["Defense Evasion", "Persistence"], "technique": "Technique/T1197", "coverage": "Moderate"}]}, {"shortName": "Debuggers for Accessibility Applications", "name": "CAR-2014-11-003", "fields": ["process/create/command_line", "process/create/exe"], "attack": [{"tactics": ["Privilege Escalation", "Persistence"], "technique": "Technique/T1546", "coverage": "Moderate"}]}, {"shortName": "Compiled HTML Access", "name": "CAR-2020-11-009", "fields": ["process/create/exe"], "attack": [{"tactics": ["Defense Evasion"], "technique": "Technique/T1218", "coverage": "High"}]}, {"shortName": "Remote Desktop Logon", "name": "CAR-2016-04-005", "fields": [], "attack": [{"tactics": ["Lateral Movement"], "technique": "Technique/T1021", "coverage": "Moderate"}]}, {"shortName": "Processes Spawning cmd.exe", "name": "CAR-2013-02-003", "fields": ["process/create/exe", "process/create/parent_exe"], "attack": [{"tactics": ["Execution"], "technique": "Technique/T1059", "coverage": "Moderate"}]}, {"shortName": "Create Service In Suspicious File Path", "name": "CAR-2021-05-012", "fields": ["service/create/image_path"], "attack": [{"tactics": ["Execution"], "technique": "Technique/T1569", "coverage": "Moderate"}, {"tactics": ["Execution"], "technique": "Technique/T1569.002", "coverage": "Moderate"}]}, {"shortName": "SMB Write Request - NamedPipes", "name": "CAR-2014-03-001", "fields": ["flow/message/proto_info", "flow/start/dest_port"], "attack": [{"tactics": ["Lateral Movement"], "technique": "Technique/T1570", "coverage": "Low"}]}, {"shortName": "Service Binary Modifications", "name": "CAR-2014-02-001", "fields": ["file/create/file_path", "file/create/image_path", "process/create/image_path", "process/create/parent_exe"], "attack": [{"tactics": ["Persistence", "Privilege Escalation"], "technique": "Technique/T1543", "coverage": "Moderate"}, {"tactics": ["Persistence", "Privilege Escalation"], "technique": "Technique/T1574", "coverage": "Moderate"}, {"tactics": ["Execution"], "technique": "Technique/T1569", "coverage": "Moderate"}]}, {"shortName": "MSBuild and msxsl", "name": "CAR-2020-11-008", "fields": ["process/create/exe", "process/create/image_path"], "attack": [{"tactics": ["Defense Evasion"], "technique": "Technique/T1127", "coverage": "High"}]}, {"shortName": "User Login Activity Monitoring", "name": "CAR-2013-10-001", "fields": [], "attack": [{"tactics": ["Lateral Movement"], "technique": "Technique/T1021", "coverage": "Moderate"}, {"tactics": ["Defense Evasion"], "technique": "Technique/T1078", "coverage": "Moderate"}]}, {"shortName": "Successful Local Account Login", "name": "CAR-2016-04-004", "fields": [], "attack": [{"tactics": ["Lateral Movement"], "technique": "Technique/T1550", "coverage": "Moderate"}]}, {"shortName": "Outlier Parents of Cmd", "name": "CAR-2014-11-002", "fields": ["process/create/exe", "process/create/parent_exe"], "attack": [{"tactics": ["Execution"], "technique": "Technique/T1059", "coverage": "Moderate"}]}, {"shortName": "BITSAdmin Download File", "name": "CAR-2021-05-005", "fields": ["process/create/exe", "process/create/command_line"], "attack": [{"tactics": ["Defense Evasion", "Persistence"], "technique": "Technique/T1197", "coverage": "Moderate"}, {"tactics": ["Command and Control"], "technique": "Technique/T1105", "coverage": "Moderate"}]}, {"shortName": "Get System Elevation", "name": "CAR-2021-02-002", "fields": ["process/create/exe", "process/create/parent_exe", "process/create/command_line", "service/create/command_line"], "attack": [{"tactics": ["Privilege Escalation", "Defense Evasion"], "technique": "Technique/T1548", "coverage": "Moderate"}]}, {"shortName": "SMB Copy and Execution", "name": "CAR-2013-05-005", "fields": ["process/create/image_path", "process/create/proto_info", "process/create/hostname"], "attack": [{"tactics": ["Lateral Movement"], "technique": "Technique/T1021", "coverage": "Moderate"}, {"tactics": ["Defense Evasion"], "technique": "Technique/T1078", "coverage": "Moderate"}, {"tactics": ["Lateral Movement"], "technique": "Technique/T1570", "coverage": "Moderate"}]}, {"shortName": "Generic Regsvr32", "name": "CAR-2019-04-002", "fields": ["process/create/exe", "process/create/parent_exe", "process/create/command_line", "process/create/image", "process/create/parent_image"], "attack": [{"tactics": ["Defense Evasion"], "technique": "Technique/T1218", "coverage": "Low"}]}, {"shortName": "Processes Started From Irregular Parent", "name": "CAR-2020-11-004", "fields": ["process/create/exe", "process/create/parent_exe"], "attack": [{"tactics": ["Defense Evasion"], "technique": "Technique/T1055", "coverage": "Low"}]}, {"shortName": "CertUtil With Decode Argument", "name": "CAR-2021-05-009", "fields": ["process/create/exe", "process/create/command_line"], "attack": [{"tactics": ["Defense Evasion"], "technique": "Technique/T1140", "coverage": "Moderate"}]}, {"shortName": "Detecting Tampering of Windows Defender Command Prompt", "name": "CAR-2021-01-007", "fields": ["process/create/command_line"], "attack": [{"tactics": ["Defense Evasion"], "technique": "Technique/T1562", "coverage": "Medium"}]}, {"shortName": "Running executables with same hash and different names", "name": "CAR-2013-05-009", "fields": ["process/create/exe", "process/create/md5_hash"], "attack": [{"tactics": ["Defense Evasion"], "technique": "Technique/T1036", "coverage": "Moderate"}]}, {"shortName": "RPC Activity", "name": "CAR-2014-05-001", "fields": ["flow/start/dest_port", "flow/start/src_port"], "attack": [{"tactics": ["Lateral Movement"], "technique": "Technique/T1021", "coverage": "Moderate"}]}, {"shortName": "Quick execution of a series of suspicious commands", "name": "CAR-2013-04-002", "fields": ["process/create/hostname", "process/create/ppid", "process/create/exe"], "attack": [{"tactics": ["Discovery"], "technique": "Technique/T1087", "coverage": "Low"}, {"tactics": ["Credential Access"], "technique": "Technique/T1003", "coverage": "Low"}, {"tactics": ["Discovery"], "technique": "Technique/T1069", "coverage": "Low"}, {"tactics": ["Discovery"], "technique": "Technique/T1057", "coverage": "Low"}, {"tactics": ["Lateral Movement"], "technique": "Technique/T1021", "coverage": "Low"}, {"tactics": ["Persistence", "Privilege Escalation"], "technique": "Technique/T1543", "coverage": "Low"}, {"tactics": ["Defense Evasion"], "technique": "Technique/T1112", "coverage": "Low"}, {"tactics": ["Persistence", "Privilege Escalation"], "technique": "Technique/T1574", "coverage": "Low"}, {"tactics": ["Discovery"], "technique": "Technique/T1018", "coverage": "Low"}, {"tactics": ["Execution"], "technique": "Technique/T1569", "coverage": "Low"}, {"tactics": ["Persistence", "Privilege Escalation", "Execution"], "technique": "Technique/T1053", "coverage": "Low"}, {"tactics": ["Exfiltration"], "technique": "Technique/T1029", "coverage": "Low"}, {"tactics": ["Discovery"], "technique": "Technique/T1033", "coverage": "Low"}, {"tactics": ["Discovery"], "technique": "Technique/T1007", "coverage": "Low"}, {"tactics": ["Discovery"], "technique": "Technique/T1082", "coverage": "Low"}, {"tactics": ["Discovery"], "technique": "Technique/T1049", "coverage": "Low"}, {"tactics": ["Discovery"], "technique": "Technique/T1016", "coverage": "Low"}, {"tactics": ["Discovery"], "technique": "Technique/T1010", "coverage": "Low"}, {"tactics": ["Discovery"], "technique": "Technique/T1518", "coverage": "Low"}, {"tactics": ["Discovery"], "technique": "Technique/T1046", "coverage": "Low"}, {"tactics": ["Defense Evasion"], "technique": "Technique/T1562", "coverage": "Low"}, {"tactics": ["Credential Access"], "technique": "Technique/T1098", "coverage": "Low"}, {"tactics": ["Execution"], "technique": "Technique/T1059", "coverage": "Moderate"}, {"tactics": ["Discovery"], "technique": "Technique/T1012", "coverage": "Low"}]}, {"shortName": "Suspicious Run Locations", "name": "CAR-2013-05-002", "fields": ["process/create/image_path"], "attack": [{"tactics": ["Defense Evasion"], "technique": "Technique/T1036", "coverage": "Low"}]}, {"shortName": "All Logins Since Last Boot", "name": "CAR-2015-07-001", "fields": ["user_session/login/user"], "attack": []}, {"shortName": "Batch File Write to System32", "name": "CAR-2021-05-002", "fields": ["file/create/extension", "file/create/file_path"], "attack": [{"tactics": ["Execution"], "technique": "Technique/T1204", "coverage": "Moderate"}]}, {"shortName": "Remote Registry", "name": "CAR-2014-11-005", "fields": ["flow/message/dest_port", "flow/message/proto_info"], "attack": [{"tactics": ["Defense Evasion"], "technique": "Technique/T1112", "coverage": "Moderate"}]}, {"shortName": "User Activity from Stopping Windows Defensive Services", "name": "CAR-2016-04-003", "fields": [], "attack": [{"tactics": ["Defense Evasion"], "technique": "Technique/T1562", "coverage": "Low"}]}, {"shortName": "RunDLL32.exe monitoring", "name": "CAR-2014-03-006", "fields": ["process/create/exe", "process/create/command_line"], "attack": [{"tactics": ["Defense Evasion"], "technique": "Technique/T1218", "coverage": "Moderate"}]}, {"shortName": "Active Directory Dumping via NTDSUtil", "name": "CAR-2019-08-002", "fields": ["file/create/file_name", "file/create/image_path"], "attack": [{"tactics": ["Credential Access"], "technique": "Technique/T1003", "coverage": "Low"}]}, {"shortName": "Service Outlier Executables", "name": "CAR-2013-09-005", "fields": ["process/create/parent_image_path"], "attack": [{"tactics": ["Persistence"], "technique": "Technique/T1543", "coverage": "Moderate"}]}, {"shortName": "DLL Injection with Mavinject", "name": "CAR-2020-11-003", "fields": ["process/create/exe", "process/create/command_line"], "attack": [{"tactics": ["Privilege Escalation", "Defense Evasion"], "technique": "Technique/T1055", "coverage": "Low"}]}, {"shortName": "Simultaneous Logins on a Host", "name": "CAR-2013-02-008", "fields": ["user_session/login/user", "user_session/login/hostname"], "attack": [{"tactics": ["Initial Access"], "technique": "Technique/T1078", "coverage": "Low"}]}, {"shortName": "Remotely Launched Executables via WMI", "name": "CAR-2014-12-001", "fields": ["flow/message/dest_port", "flow/message/proto_info", "flow/message/src_port", "process/create/command_line", "process/create/exe", "process/create/parent_exe"], "attack": [{"tactics": ["Execution"], "technique": "Technique/T1047", "coverage": "High"}]}, {"shortName": "Command Launched from WinLogon", "name": "CAR-2014-11-008", "fields": ["process/create/exe", "process/create/parent_exe"], "attack": [{"tactics": ["Privilege Escalation", "Persistence"], "technique": "Technique/T1546", "coverage": "Moderate"}]}, {"shortName": "Local Network Sniffing", "name": "CAR-2020-11-002", "fields": ["process/create/exe", "process/create/parent_exe"], "attack": [{"tactics": ["Credential Access", "Discovery"], "technique": "Technique/T1040", "coverage": "Moderate"}]}, {"shortName": "Identifying Port Scanning Activity", "name": "CAR-2021-01-001", "fields": ["flow/start/dest_ip"], "attack": [{"tactics": ["Discovery"], "technique": "Technique/T1046", "coverage": "Moderate"}]}, {"shortName": "Access Permission Modification", "name": "CAR-2019-07-001", "fields": [], "attack": [{"tactics": ["Defense Evasion"], "technique": "Technique/T1222", "coverage": "Moderate"}]}, {"shortName": "User Activity from Clearing Event Logs", "name": "CAR-2016-04-002", "fields": [], "attack": [{"tactics": ["Defense Evasion"], "technique": "Technique/T1070", "coverage": "Moderate"}]}, {"shortName": "Remote PowerShell Sessions", "name": "CAR-2014-11-004", "fields": ["process/create/exe", "process/create/parent_exe"], "attack": [{"tactics": ["Execution"], "technique": "Technique/T1059", "coverage": "Moderate"}, {"tactics": ["Lateral Movement"], "technique": "Technique/T1021", "coverage": "Moderate"}]}, {"shortName": "BCDEdit Failure Recovery Modification", "name": "CAR-2021-05-003", "fields": ["process/create/exe", "process/create/command_line"], "attack": [{"tactics": ["Impact"], "technique": "Technique/T1490", "coverage": "Moderate"}]}, {"shortName": "Scheduled Task - FileAccess", "name": "CAR-2020-09-001", "fields": ["file/create/file_path", "file/create/image_path"], "attack": [{"tactics": ["Execution", "Persistence", "Privilege Escalation"], "technique": "Technique/T1053", "coverage": "Low"}]}, {"shortName": "NTFS Alternate Data Stream Execution - System Utilities", "name": "CAR-2020-08-001", "fields": ["process/create/exe", "process/create/command_line"], "attack": [{"tactics": ["Defense Evasion"], "technique": "Technique/T1564", "coverage": "Low"}]}, {"shortName": "User Logged in to Multiple Hosts", "name": "CAR-2013-02-012", "fields": [], "attack": [{"tactics": ["Lateral Movement"], "technique": "Technique/T1078", "coverage": "Moderate"}]}, {"shortName": "SMB Write Request", "name": "CAR-2013-05-003", "fields": ["flow/message/proto_info", "flow/message/dest_port"], "attack": [{"tactics": ["Lateral Movement"], "technique": "Technique/T1570", "coverage": "Moderate"}, {"tactics": ["Lateral Movement"], "technique": "Technique/T1021", "coverage": "Moderate"}, {"tactics": ["Defense Evasion"], "technique": "Technique/T1078", "coverage": "Moderate"}]}, {"shortName": "Credential Dumping via Mimikatz", "name": "CAR-2019-04-004", "fields": [], "attack": [{"tactics": ["Credential Access"], "technique": "Technique/T1003", "coverage": "Low"}]}, {"shortName": "Remote Windows Management Instrumentation (WMI) over RPC", "name": "CAR-2014-11-007", "fields": ["flow/message/proto_info"], "attack": [{"tactics": ["Execution"], "technique": "Technique/T1047", "coverage": "Moderate"}]}, {"shortName": "NTFS Alternate Data Stream Execution - LOLBAS", "name": "CAR-2020-08-002", "fields": ["process/create/exe", "process/create/command_line"], "attack": [{"tactics": ["Defense Evasion"], "technique": "Technique/T1564", "coverage": "Low"}]}, {"shortName": "Component Object Model Hijacking", "name": "CAR-2020-09-002", "fields": ["registry/add/key", "registry/remove/key", "registry/edit/key"], "attack": [{"tactics": ["Persistence", "Privilege Escalation"], "technique": "Technique/T1546", "coverage": "Moderate"}]}, {"shortName": "Powershell Execution", "name": "CAR-2014-04-003", "fields": ["process/create/exe", "process/create/parent_exe"], "attack": [{"tactics": ["Execution"], "technique": "Technique/T1059", "coverage": "High"}, {"tactics": ["Defense Evasion"], "technique": "Technique/T1059", "coverage": "Moderate"}]}, {"shortName": "Autorun Differences", "name": "CAR-2013-01-002", "fields": [], "attack": [{"tactics": ["Persistence"], "technique": "Technique/T1543", "coverage": "Moderate"}, {"tactics": ["Persistence"], "technique": "Technique/T1053", "coverage": "Moderate"}, {"tactics": ["Persistence"], "technique": "Technique/T1547", "coverage": "Moderate"}, {"tactics": ["Persistence", "Privilege Escalation"], "technique": "Technique/T1574", "coverage": "Moderate"}, {"tactics": ["Privilege Escalation", "Persistence"], "technique": "Technique/T1546", "coverage": "Moderate"}, {"tactics": ["Persistence", "Execution"], "technique": "Technique/T1112", "coverage": "Moderate"}, {"tactics": ["Persistence"], "technique": "Technique/T1037", "coverage": "Moderate"}]}, {"shortName": "Boot or Logon Initialization Scripts", "name": "CAR-2020-11-001", "fields": ["process/create/command_line", "process/create/exe", "registry/add/key", "registry/edit/key"], "attack": [{"tactics": ["Persistence", "Lateral Movement"], "technique": "Technique/T1037", "coverage": "Moderate"}]}, {"shortName": "Unusually Long Command Line Strings", "name": "CAR-2021-01-002", "fields": ["process/create/command_line"], "attack": [{"tactics": ["Execution"], "technique": "Technique/T1059", "coverage": "Low"}]}, {"shortName": "Lsass Process Dump via Procdump", "name": "CAR-2019-07-002", "fields": ["process/create/exe", "process/create/command_line"], "attack": [{"tactics": ["Credential Access"], "technique": "Technique/T1003", "coverage": "Low"}]}, {"shortName": "Command Line Usage of Archiving Software", "name": "CAR-2013-07-005", "fields": ["process/create/command_line"], "attack": [{"tactics": ["Exfiltration"], "technique": "Technique/T1560", "coverage": "Moderate"}]}, {"shortName": "Clearing Windows Logs with Wevtutil", "name": "CAR-2021-01-003", "fields": ["process/create/command_line"], "attack": [{"tactics": ["Defense Evasion"], "technique": "Technique/T1070", "coverage": "Low"}]}, {"shortName": "Credential Dumping via Windows Task Manager", "name": "CAR-2019-08-001", "fields": ["file/create/file_name", "file/create/image_path"], "attack": [{"tactics": ["Credential Access"], "technique": "Technique/T1003", "coverage": "Low"}]}, {"shortName": "SMB Events Monitoring", "name": "CAR-2013-01-003", "fields": ["flow/message/dest_port", "flow/message/proto_info"], "attack": [{"tactics": ["Collection"], "technique": "Technique/T1039", "coverage": "Moderate"}, {"tactics": ["Lateral Movement"], "technique": "Technique/T1021", "coverage": "Moderate"}]}, {"shortName": "Services launching Cmd", "name": "CAR-2014-05-002", "fields": ["process/create/exe", "process/create/parent_exe"], "attack": [{"tactics": ["Persistence", "Privilege Escalation"], "technique": "Technique/T1543", "coverage": "Moderate"}]}, {"shortName": "Indicator Blocking - Driver Unloaded", "name": "CAR-2020-09-003", "fields": ["process/create/exe", "process/create/command_line"], "attack": [{"tactics": ["Defense Evasion"], "technique": "Technique/T1562", "coverage": "Low"}]}, {"shortName": "Attempt To Add Certificate To Untrusted Store", "name": "CAR-2021-05-001", "fields": ["process/create/exe", "process/create/command_line"], "attack": [{"tactics": ["Defense Evasion"], "technique": "Technique/T1553", "coverage": "Moderate"}]}, {"shortName": "Common Windows Process Masquerading", "name": "CAR-2021-04-001", "fields": ["process/create/exe", "process/create/image_path", "process/access/exe", "process/access/image_path", "process/terminate/exe", "process/terminate/image_path"], "attack": [{"tactics": ["Defense Evasion"], "technique": "Technique/T1036", "coverage": "Moderate"}]}, {"shortName": "Windows Remote Management (WinRM)", "name": "CAR-2014-11-006", "fields": ["flow/start/dest_port"], "attack": [{"tactics": ["Lateral Movement"], "technique": "Technique/T1021", "coverage": "Moderate"}]}, {"shortName": "Remotely Launched Executables via Services", "name": "CAR-2014-03-005", "fields": ["flow/start/pid", "process/create/parent_exe", "process/create/pid"], "attack": [{"tactics": ["Persistence"], "technique": "Technique/T1543", "coverage": "Moderate"}, {"tactics": ["Execution"], "technique": "Technique/T1569", "coverage": "Moderate"}]}, {"shortName": "Registry Edit from Screensaver", "name": "CAR-2020-11-011", "fields": ["registry/edit/key", "registry/add/key"], "attack": [{"tactics": ["Persistence", "Privilege Escalation"], "technique": "Technique/T1546", "coverage": "High"}]}, {"shortName": "Network Share Connection Removal", "name": "CAR-2020-11-007", "fields": ["process/create/exe", "process/create/command_line"], "attack": [{"tactics": ["Defense Evasion"], "technique": "Technique/T1070", "coverage": "High"}]}, {"shortName": "Execution with schtasks", "name": "CAR-2013-08-001", "fields": ["process/create/exe", "process/create/command_line"], "attack": [{"tactics": ["Persistence"], "technique": "Technique/T1053", "coverage": "Moderate"}]}, {"shortName": "Unusual Child Process for Spoolsv.Exe or Connhost.Exe", "name": "CAR-2021-01-004", "fields": ["process/create/command_line"], "attack": [{"tactics": ["Privilege Escalation"], "technique": "Technique/T1068", "coverage": "Low"}]}, {"shortName": "Rare LolBAS Command Lines", "name": "CAR-2020-05-003", "fields": [], "attack": [{"tactics": ["Discovery"], "technique": "Technique/T1012", "coverage": "Low"}, {"tactics": ["Defense Evasion"], "technique": "Technique/T1112", "coverage": "Low"}, {"tactics": ["Persistence"], "technique": "Technique/T1547", "coverage": "Low"}, {"tactics": ["Persistence", "Privilege Escalation"], "technique": "Technique/T1574", "coverage": "Low"}]}, {"shortName": "Create local admin accounts using net exe", "name": "CAR-2021-05-010", "fields": ["process/create/exe", "process/create/command_line"], "attack": [{"tactics": ["Persistence"], "technique": "Technique/T1136", "coverage": "Moderate"}]}, {"shortName": "Reg.exe called from Command Shell", "name": "CAR-2013-03-001", "fields": ["process/create/command_line", "process/create/hostname", "process/create/exe", "process/create/parent_exe", "process/create/pid", "process/create/ppid"], "attack": [{"tactics": ["Discovery"], "technique": "Technique/T1012", "coverage": "Moderate"}, {"tactics": ["Defense Evasion"], "technique": "Technique/T1112", "coverage": "Moderate"}, {"tactics": ["Persistence"], "technique": "Technique/T1547", "coverage": "Moderate"}, {"tactics": ["Persistence", "Privilege Escalation"], "technique": "Technique/T1574", "coverage": "Moderate"}]}, {"shortName": "DLL Injection via Load Library", "name": "CAR-2013-10-002", "fields": ["thread/remote_create/src_pid", "thread/remote_create/start_function"], "attack": [{"tactics": ["Defense Evasion"], "technique": "Technique/T1055", "coverage": "Moderate"}, {"tactics": ["Privilege Escalation"], "technique": "Technique/T1548", "coverage": "Moderate"}]}, {"shortName": "CertUtil Download With URLCache and Split Arguments", "name": "CAR-2021-05-006", "fields": ["process/create/exe", "process/create/command_line"], "attack": [{"tactics": ["Command and Control"], "technique": "Technique/T1105", "coverage": "Moderate"}]}, {"shortName": "Credentials in Files & Registry", "name": "CAR-2020-09-004", "fields": ["process/create/command_line"], "attack": [{"tactics": ["Credential Access"], "technique": "Technique/T1552", "coverage": "Low"}]}, {"shortName": "Disable UAC", "name": "CAR-2021-01-008", "fields": ["process/create/image_path", "process/create/command_line"], "attack": [{"tactics": ["Privilege Escalation"], "technique": "Technique/T1548", "coverage": "Medium"}]}, {"shortName": "Webshell-Indicative Process Tree", "name": "CAR-2021-02-001", "fields": ["process/create/exe", "process/create/parent_exe"], "attack": [{"tactics": ["Persistence"], "technique": "Technique/T1505", "coverage": "Moderate"}]}, {"shortName": "UAC Bypass", "name": "CAR-2019-04-001", "fields": ["process/create/image_path", "process/create/parent_image_path", "process/create/integrity_level", "process/create/user", "process/create/parent_command_line"], "attack": [{"tactics": ["Defense Evasion"], "technique": "Technique/T1548", "coverage": "Low"}]}, {"shortName": "Detecting Shadow Copy Deletion via Vssadmin.exe", "name": "CAR-2021-01-009", "fields": ["process/create/command_line"], "attack": [{"tactics": ["Impact"], "technique": "Technique/T1490", "coverage": "Low"}]}, {"shortName": "Host Discovery Commands", "name": "CAR-2016-03-001", "fields": ["process/create/command_line", "process/create/exe"], "attack": [{"tactics": ["Discovery"], "technique": "Technique/T1087", "coverage": "Moderate"}, {"tactics": ["Discovery"], "technique": "Technique/T1069", "coverage": "Moderate"}, {"tactics": ["Discovery"], "technique": "Technique/T1016", "coverage": "Moderate"}, {"tactics": ["Discovery"], "technique": "Technique/T1082", "coverage": "Moderate"}, {"tactics": ["Discovery"], "technique": "Technique/T1033", "coverage": "Moderate"}, {"tactics": ["Discovery"], "technique": "Technique/T1057", "coverage": "Moderate"}, {"tactics": ["Discovery"], "technique": "Technique/T1007", "coverage": "Moderate"}]}, {"shortName": "AppInit DLLs", "name": "CAR-2020-09-005", "fields": ["registry/add/key", "registry/remove/key", "registry/edit/key"], "attack": [{"tactics": ["Persistence", "Privilege Escalation"], "technique": "Technique/T1546", "coverage": "Moderate"}]}, {"shortName": "CertUtil Download With VerifyCtl and Split Arguments", "name": "CAR-2021-05-007", "fields": ["process/create/exe", "process/create/command_line"], "attack": [{"tactics": ["Command and Control"], "technique": "Technique/T1105", "coverage": "Moderate"}]}, {"shortName": "Create Remote Thread into LSASS", "name": "CAR-2021-05-011", "fields": ["thread/remote_create"], "attack": [{"tactics": ["Credential Access"], "technique": "Technique/T1003", "coverage": "Moderate"}]}, {"shortName": "RDP Connection Detection", "name": "CAR-2013-07-002", "fields": ["flow/end/dest_port", "flow/start/dest_ip", "flow/start/dest_port", "flow/start/src_ip"], "attack": [{"tactics": ["Lateral Movement"], "technique": "Technique/T1021", "coverage": "Medium"}]}, {"shortName": "Service Search Path Interception", "name": "CAR-2014-07-001", "fields": ["process/create/command_line", "process/create/image_path", "process/create/parent_exe"], "attack": [{"tactics": ["Privilege Escalation", "Persistence"], "technique": "Technique/T1574", "coverage": "High"}]}, {"shortName": "Remotely Scheduled Tasks via AT", "name": "CAR-2015-04-001", "fields": ["flow/message/proto_info"], "attack": [{"tactics": ["Execution"], "technique": "Technique/T1053", "coverage": "Moderate"}]}, {"shortName": "Local Permission Group Discovery", "name": "CAR-2020-11-006", "fields": ["process/create/exe", "process/create/command_line"], "attack": [{"tactics": ["Discovery"], "technique": "Technique/T1069", "coverage": "Moderate"}]}, {"shortName": "CMSTP", "name": "CAR-2020-11-010", "fields": ["process/create/exe", "process/create/src_ip"], "attack": [{"tactics": ["Defense Evasion"], "technique": "Technique/T1218", "coverage": "High"}]}]}