{
    "sensors": [
        {
            "name": "Autoruns",
            "fields": ["file/create/company","file/create/creation_time","file/create/file_name","file/create/fqdn","file/create/hostname","file/create/md5_hash","file/modify/company","file/modify/creation_time","file/modify/file_name","file/modify/fqdn","file/modify/hostname","file/modify/md5_hash","file/modify/sha1_hash","file/modify/sha256_hash","file/modify/signer","registry/add/data","registry/add/hive","registry/add/hostname","registry/add/key","registry/add/type","registry/add/value","registry/edit/data","registry/edit/hive","registry/edit/hostname","registry/edit/key","registry/edit/type","registry/edit/value","service/create/command_line","service/create/exe","service/create/fqdn","service/create/hostname","service/create/image_path","service/create/name","service/delete/command_line","service/delete/exe","service/delete/fqdn","service/delete/hostname","service/delete/image_path","service/delete/name"]
        },
        {
            "name": "Sysmon (2.0)",
            "fields": ["driver/load/fqdn","driver/load/hostname","driver/load/image_path","driver/load/md5_hash","driver/load/module_name","driver/load/sha1_hash","driver/load/sha256_hash","file/timestomp/creation_time","file/timestomp/file_name","file/timestomp/hostname","file/timestomp/image_path","file/timestomp/pid","file/timestomp/previous_creation_time","file/timestomp/user","flow/start/dest_ip","flow/start/dest_port","flow/start/exe","flow/start/hostname","flow/start/image_path","flow/start/pid","flow/start/protocol","flow/start/src_ip","flow/start/src_port","flow/start/start_time","flow/start/user","module/load/fqdn","module/load/hostname","module/load/image_path","module/load/md5_hash","module/load/module_name","module/load/pid","module/load/sha1_hash","module/load/sha256_hash","process/create/command_line","process/create/exe","process/create/fqdn","process/create/hostname","process/create/image_path","process/create/md5_hash","process/create/parent_exe","process/create/parent_image_path","process/create/pid","process/create/ppid","process/create/sha1_hash","process/create/sha256_hash","process/create/user","process/terminate/fqdn","process/terminate/hostname","process/terminate/pid","process/terminate/user"]
        },
        {
            "name": "Sysmon (3.1)",
            "fields": ["driver/load/fqdn","driver/load/hostname","driver/load/image_path","driver/load/md5_hash","driver/load/module_name","driver/load/sha1_hash","driver/load/sha256_hash","file/timestomp/creation_time","file/timestomp/file_name","file/timestomp/hostname","file/timestomp/image_path","file/timestomp/pid","file/timestomp/previous_creation_time","file/timestomp/user","flow/start/dest_ip","flow/start/dest_port","flow/start/exe","flow/start/hostname","flow/start/image_path","flow/start/pid","flow/start/protocol","flow/start/src_ip","flow/start/src_port","flow/start/start_time","flow/start/user","module/load/fqdn","module/load/hostname","module/load/image_path","module/load/md5_hash","module/load/module_name","module/load/pid","module/load/sha1_hash","module/load/sha256_hash","process/create/command_line","process/create/exe","process/create/fqdn","process/create/hostname","process/create/image_path","process/create/md5_hash","process/create/parent_exe","process/create/parent_image_path","process/create/pid","process/create/ppid","process/create/sha1_hash","process/create/sha256_hash","process/create/user","process/terminate/fqdn","process/terminate/hostname","process/terminate/pid","process/terminate/user","thread/remote_create/hostname","thread/remote_create/src_pid","thread/remote_create/src_tid","thread/remote_create/start_address","thread/remote_create/start_function","thread/remote_create/start_module","thread/remote_create/start_module_name","thread/remote_create/tgt_pid","thread/remote_create/tgt_tid","thread/remote_create/user","driver/load/pid"]
        },
        {
            "name": "Sysmon (3.2)",
            "fields": ["driver/load/fqdn","driver/load/hostname","driver/load/image_path","driver/load/md5_hash","driver/load/module_name","driver/load/sha1_hash","driver/load/sha256_hash","file/timestomp/creation_time","file/timestomp/file_name","file/timestomp/hostname","file/timestomp/image_path","file/timestomp/pid","file/timestomp/previous_creation_time","file/timestomp/user","flow/start/dest_ip","flow/start/dest_port","flow/start/exe","flow/start/hostname","flow/start/image_path","flow/start/pid","flow/start/protocol","flow/start/src_ip","flow/start/src_port","flow/start/start_time","flow/start/user","module/load/fqdn","module/load/hostname","module/load/image_path","module/load/md5_hash","module/load/module_name","module/load/pid","module/load/sha1_hash","module/load/sha256_hash","process/create/command_line","process/create/exe","process/create/fqdn","process/create/hostname","process/create/image_path","process/create/md5_hash","process/create/parent_exe","process/create/parent_image_path","process/create/pid","process/create/ppid","process/create/sha1_hash","process/create/sha256_hash","process/create/user","process/terminate/fqdn","process/terminate/hostname","process/terminate/pid","process/terminate/user","thread/remote_create/hostname","thread/remote_create/src_pid","thread/remote_create/src_tid","thread/remote_create/start_address","thread/remote_create/start_function","thread/remote_create/start_module","thread/remote_create/start_module_name","thread/remote_create/tgt_pid","thread/remote_create/tgt_tid","thread/remote_create/user"]
        }
    ]
}